,name,artist,image,date_used
0,Demon Days,Gorillaz,https://i.scdn.co/image/ab67616d0000b27319d85a472f328a6ed9b704cf,
1,Demon Days,Gorillaz,https://i.scdn.co/image/ab67616d0000b27319d85a472f328a6ed9b704cf,
2,Demon Days,Gorillaz,https://i.scdn.co/image/ab67616d0000b27319d85a472f328a6ed9b704cf,
3,Demon Days,Gorillaz,https://i.scdn.co/image/ab67616d0000b27319d85a472f328a6ed9b704cf,
4,Demon Days,Gorillaz,https://i.scdn.co/image/ab67616d0000b27319d85a472f328a6ed9b704cf,
5,Demon Days,Gorillaz,https://i.scdn.co/image/ab67616d0000b27319d85a472f328a6ed9b704cf,
6,Demon Days,Gorillaz,https://i.scdn.co/image/ab67616d0000b27319d85a472f328a6ed9b704cf,
7,Demon Days,Gorillaz,https://i.scdn.co/image/ab67616d0000b27319d85a472f328a6ed9b704cf,
8,Demon Days,Gorillaz,https://i.scdn.co/image/ab67616d0000b27319d85a472f328a6ed9b704cf,
9,Demon Days,Gorillaz,https://i.scdn.co/image/ab67616d0000b27319d85a472f328a6ed9b704cf,
10,Demon Days,Gorillaz,https://i.scdn.co/image/ab67616d0000b27319d85a472f328a6ed9b704cf,
11,Demon Days,Gorillaz,https://i.scdn.co/image/ab67616d0000b27319d85a472f328a6ed9b704cf,
12,Demon Days,Gorillaz,https://i.scdn.co/image/ab67616d0000b27319d85a472f328a6ed9b704cf,
13,Demon Days,Gorillaz,https://i.scdn.co/image/ab67616d0000b27319d85a472f328a6ed9b704cf,
14,Demon Days,Gorillaz,https://i.scdn.co/image/ab67616d0000b27319d85a472f328a6ed9b704cf,
15,The Dark Side Of The Moon (2011 Remastered Version),Pink Floyd,https://i.scdn.co/image/ab67616d0000b27305d4eec40a828850aa8cd2f7,
16,The Dark Side Of The Moon (2011 Remastered Version),Pink Floyd,https://i.scdn.co/image/ab67616d0000b27305d4eec40a828850aa8cd2f7,
17,The Dark Side Of The Moon (2011 Remastered Version),Pink Floyd,https://i.scdn.co/image/ab67616d0000b27305d4eec40a828850aa8cd2f7,
18,The Dark Side Of The Moon (2011 Remastered Version),Pink Floyd,https://i.scdn.co/image/ab67616d0000b27305d4eec40a828850aa8cd2f7,
19,The Dark Side Of The Moon (2011 Remastered Version),Pink Floyd,https://i.scdn.co/image/ab67616d0000b27305d4eec40a828850aa8cd2f7,
20,The Dark Side Of The Moon (2011 Remastered Version),Pink Floyd,https://i.scdn.co/image/ab67616d0000b27305d4eec40a828850aa8cd2f7,
21,The Dark Side Of The Moon (2011 Remastered Version),Pink Floyd,https://i.scdn.co/image/ab67616d0000b27305d4eec40a828850aa8cd2f7,
22,The Dark Side Of The Moon (2011 Remastered Version),Pink Floyd,https://i.scdn.co/image/ab67616d0000b27305d4eec40a828850aa8cd2f7,
23,The Dark Side Of The Moon (2011 Remastered Version),Pink Floyd,https://i.scdn.co/image/ab67616d0000b27305d4eec40a828850aa8cd2f7,
24,The Dark Side Of The Moon (2011 Remastered Version),Pink Floyd,https://i.scdn.co/image/ab67616d0000b27305d4eec40a828850aa8cd2f7,
25,Is This It,The Strokes,https://i.scdn.co/image/ab67616d0000b27313f2466b83507515291acce4,
26,Is This It,The Strokes,https://i.scdn.co/image/ab67616d0000b27313f2466b83507515291acce4,
27,Is This It,The Strokes,https://i.scdn.co/image/ab67616d0000b27313f2466b83507515291acce4,
28,Is This It,The Strokes,https://i.scdn.co/image/ab67616d0000b27313f2466b83507515291acce4,
29,Is This It,The Strokes,https://i.scdn.co/image/ab67616d0000b27313f2466b83507515291acce4,
30,Is This It,The Strokes,https://i.scdn.co/image/ab67616d0000b27313f2466b83507515291acce4,
31,Is This It,The Strokes,https://i.scdn.co/image/ab67616d0000b27313f2466b83507515291acce4,
32,Is This It,The Strokes,https://i.scdn.co/image/ab67616d0000b27313f2466b83507515291acce4,
33,Is This It,The Strokes,https://i.scdn.co/image/ab67616d0000b27313f2466b83507515291acce4,
34,Is This It,The Strokes,https://i.scdn.co/image/ab67616d0000b27313f2466b83507515291acce4,
35,Is This It,The Strokes,https://i.scdn.co/image/ab67616d0000b27313f2466b83507515291acce4,
36,Rumours (Super Deluxe),Fleetwood Mac,https://i.scdn.co/image/ab67616d0000b273e52a59a28efa4773dd2bfe1b,
37,Rumours (Super Deluxe),Fleetwood Mac,https://i.scdn.co/image/ab67616d0000b273e52a59a28efa4773dd2bfe1b,
38,Rumours (Super Deluxe),Fleetwood Mac,https://i.scdn.co/image/ab67616d0000b273e52a59a28efa4773dd2bfe1b,
39,Rumours (Super Deluxe),Fleetwood Mac,https://i.scdn.co/image/ab67616d0000b273e52a59a28efa4773dd2bfe1b,
40,Rumours (Super Deluxe),Fleetwood Mac,https://i.scdn.co/image/ab67616d0000b273e52a59a28efa4773dd2bfe1b,
41,Rumours (Super Deluxe),Fleetwood Mac,https://i.scdn.co/image/ab67616d0000b273e52a59a28efa4773dd2bfe1b,
42,Rumours (Super Deluxe),Fleetwood Mac,https://i.scdn.co/image/ab67616d0000b273e52a59a28efa4773dd2bfe1b,
43,Rumours (Super Deluxe),Fleetwood Mac,https://i.scdn.co/image/ab67616d0000b273e52a59a28efa4773dd2bfe1b,
44,Rumours (Super Deluxe),Fleetwood Mac,https://i.scdn.co/image/ab67616d0000b273e52a59a28efa4773dd2bfe1b,
45,Rumours (Super Deluxe),Fleetwood Mac,https://i.scdn.co/image/ab67616d0000b273e52a59a28efa4773dd2bfe1b,
46,Rumours (Super Deluxe),Fleetwood Mac,https://i.scdn.co/image/ab67616d0000b273e52a59a28efa4773dd2bfe1b,
47,Rumours (Super Deluxe),Fleetwood Mac,https://i.scdn.co/image/ab67616d0000b273e52a59a28efa4773dd2bfe1b,
48,Wish You Were Here [2011 - Remaster] (2011 Remastered Version),Pink Floyd,https://i.scdn.co/image/ab67616d0000b273502bbf975cb8d7537f206780,
49,Wish You Were Here [2011 - Remaster] (2011 Remastered Version),Pink Floyd,https://i.scdn.co/image/ab67616d0000b273502bbf975cb8d7537f206780,
50,Wish You Were Here [2011 - Remaster] (2011 Remastered Version),Pink Floyd,https://i.scdn.co/image/ab67616d0000b273502bbf975cb8d7537f206780,
51,Wish You Were Here [2011 - Remaster] (2011 Remastered Version),Pink Floyd,https://i.scdn.co/image/ab67616d0000b273502bbf975cb8d7537f206780,
52,Wish You Were Here [2011 - Remaster] (2011 Remastered Version),Pink Floyd,https://i.scdn.co/image/ab67616d0000b273502bbf975cb8d7537f206780,
53,Discovery,Daft Punk,https://i.scdn.co/image/ab67616d0000b273b33d46dfa2635a47eebf63b2,
54,Discovery,Daft Punk,https://i.scdn.co/image/ab67616d0000b273b33d46dfa2635a47eebf63b2,
55,Discovery,Daft Punk,https://i.scdn.co/image/ab67616d0000b273b33d46dfa2635a47eebf63b2,
56,Discovery,Daft Punk,https://i.scdn.co/image/ab67616d0000b273b33d46dfa2635a47eebf63b2,
57,Discovery,Daft Punk,https://i.scdn.co/image/ab67616d0000b273b33d46dfa2635a47eebf63b2,
58,Discovery,Daft Punk,https://i.scdn.co/image/ab67616d0000b273b33d46dfa2635a47eebf63b2,
59,Discovery,Daft Punk,https://i.scdn.co/image/ab67616d0000b273b33d46dfa2635a47eebf63b2,
60,Discovery,Daft Punk,https://i.scdn.co/image/ab67616d0000b273b33d46dfa2635a47eebf63b2,
61,Discovery,Daft Punk,https://i.scdn.co/image/ab67616d0000b273b33d46dfa2635a47eebf63b2,
62,Discovery,Daft Punk,https://i.scdn.co/image/ab67616d0000b273b33d46dfa2635a47eebf63b2,
63,Discovery,Daft Punk,https://i.scdn.co/image/ab67616d0000b273b33d46dfa2635a47eebf63b2,
64,Discovery,Daft Punk,https://i.scdn.co/image/ab67616d0000b273b33d46dfa2635a47eebf63b2,
65,Discovery,Daft Punk,https://i.scdn.co/image/ab67616d0000b273b33d46dfa2635a47eebf63b2,
66,Discovery,Daft Punk,https://i.scdn.co/image/ab67616d0000b273b33d46dfa2635a47eebf63b2,
67,Kind Of Blue,Miles Davis,https://i.scdn.co/image/ab67616d0000b273fe4b3055b00bba6425106bd5,
68,Kind Of Blue,Miles Davis,https://i.scdn.co/image/ab67616d0000b273fe4b3055b00bba6425106bd5,
69,Kind Of Blue,Miles Davis,https://i.scdn.co/image/ab67616d0000b273fe4b3055b00bba6425106bd5,
70,Kind Of Blue,Miles Davis,https://i.scdn.co/image/ab67616d0000b273fe4b3055b00bba6425106bd5,
71,Kind Of Blue,Miles Davis,https://i.scdn.co/image/ab67616d0000b273fe4b3055b00bba6425106bd5,
72,Kind Of Blue,Miles Davis,https://i.scdn.co/image/ab67616d0000b273fe4b3055b00bba6425106bd5,
73,Illmatic,Nas,https://i.scdn.co/image/ab67616d0000b273045fc920ecf4f8094888ec26,
74,Illmatic,Nas,https://i.scdn.co/image/ab67616d0000b273045fc920ecf4f8094888ec26,
75,Illmatic,Nas,https://i.scdn.co/image/ab67616d0000b273045fc920ecf4f8094888ec26,
76,Illmatic,Nas,https://i.scdn.co/image/ab67616d0000b273045fc920ecf4f8094888ec26,
77,Illmatic,Nas,https://i.scdn.co/image/ab67616d0000b273045fc920ecf4f8094888ec26,
78,Illmatic,Nas,https://i.scdn.co/image/ab67616d0000b273045fc920ecf4f8094888ec26,
79,Illmatic,Nas,https://i.scdn.co/image/ab67616d0000b273045fc920ecf4f8094888ec26,
80,Illmatic,Nas,https://i.scdn.co/image/ab67616d0000b273045fc920ecf4f8094888ec26,
81,Illmatic,Nas,https://i.scdn.co/image/ab67616d0000b273045fc920ecf4f8094888ec26,
82,Illmatic,Nas,https://i.scdn.co/image/ab67616d0000b273045fc920ecf4f8094888ec26,
83,OK Computer,Radiohead,https://i.scdn.co/image/ab67616d0000b273b6afdcb8dfa71a2995969ea1,
84,OK Computer,Radiohead,https://i.scdn.co/image/ab67616d0000b273b6afdcb8dfa71a2995969ea1,
85,OK Computer,Radiohead,https://i.scdn.co/image/ab67616d0000b273b6afdcb8dfa71a2995969ea1,
86,OK Computer,Radiohead,https://i.scdn.co/image/ab67616d0000b273b6afdcb8dfa71a2995969ea1,
87,OK Computer,Radiohead,https://i.scdn.co/image/ab67616d0000b273b6afdcb8dfa71a2995969ea1,
88,OK Computer,Radiohead,https://i.scdn.co/image/ab67616d0000b273b6afdcb8dfa71a2995969ea1,
89,OK Computer,Radiohead,https://i.scdn.co/image/ab67616d0000b273b6afdcb8dfa71a2995969ea1,
90,OK Computer,Radiohead,https://i.scdn.co/image/ab67616d0000b273b6afdcb8dfa71a2995969ea1,
91,OK Computer,Radiohead,https://i.scdn.co/image/ab67616d0000b273b6afdcb8dfa71a2995969ea1,
92,OK Computer,Radiohead,https://i.scdn.co/image/ab67616d0000b273b6afdcb8dfa71a2995969ea1,
93,OK Computer,Radiohead,https://i.scdn.co/image/ab67616d0000b273b6afdcb8dfa71a2995969ea1,
94,OK Computer,Radiohead,https://i.scdn.co/image/ab67616d0000b273b6afdcb8dfa71a2995969ea1,
95,Transatlanticism,Death Cab for Cutie,https://i.scdn.co/image/ab67616d0000b2739cee4aea1e76e95ba1fdf63d,
96,Transatlanticism,Death Cab for Cutie,https://i.scdn.co/image/ab67616d0000b2739cee4aea1e76e95ba1fdf63d,
97,Transatlanticism,Death Cab for Cutie,https://i.scdn.co/image/ab67616d0000b2739cee4aea1e76e95ba1fdf63d,
98,Transatlanticism,Death Cab for Cutie,https://i.scdn.co/image/ab67616d0000b2739cee4aea1e76e95ba1fdf63d,
99,Transatlanticism,Death Cab for Cutie,https://i.scdn.co/image/ab67616d0000b2739cee4aea1e76e95ba1fdf63d,
100,Transatlanticism,Death Cab for Cutie,https://i.scdn.co/image/ab67616d0000b2739cee4aea1e76e95ba1fdf63d,
101,Transatlanticism,Death Cab for Cutie,https://i.scdn.co/image/ab67616d0000b2739cee4aea1e76e95ba1fdf63d,
102,Transatlanticism,Death Cab for Cutie,https://i.scdn.co/image/ab67616d0000b2739cee4aea1e76e95ba1fdf63d,
103,Transatlanticism,Death Cab for Cutie,https://i.scdn.co/image/ab67616d0000b2739cee4aea1e76e95ba1fdf63d,
104,Transatlanticism,Death Cab for Cutie,https://i.scdn.co/image/ab67616d0000b2739cee4aea1e76e95ba1fdf63d,
105,Transatlanticism,Death Cab for Cutie,https://i.scdn.co/image/ab67616d0000b2739cee4aea1e76e95ba1fdf63d,
106,"good kid, m.A.A.d city (Deluxe)",Kendrick Lamar,https://i.scdn.co/image/ab67616d0000b273d58e537cea05c2156792c53d,
107,"good kid, m.A.A.d city (Deluxe)",Kendrick Lamar,https://i.scdn.co/image/ab67616d0000b273d58e537cea05c2156792c53d,
108,"good kid, m.A.A.d city (Deluxe)",Kendrick Lamar,https://i.scdn.co/image/ab67616d0000b273d58e537cea05c2156792c53d,
109,"good kid, m.A.A.d city (Deluxe)",Kendrick Lamar,https://i.scdn.co/image/ab67616d0000b273d58e537cea05c2156792c53d,
110,"good kid, m.A.A.d city (Deluxe)",Kendrick Lamar,https://i.scdn.co/image/ab67616d0000b273d58e537cea05c2156792c53d,
111,"good kid, m.A.A.d city (Deluxe)",Kendrick Lamar,https://i.scdn.co/image/ab67616d0000b273d58e537cea05c2156792c53d,
112,"good kid, m.A.A.d city (Deluxe)",Kendrick Lamar,https://i.scdn.co/image/ab67616d0000b273d58e537cea05c2156792c53d,
113,"good kid, m.A.A.d city (Deluxe)",Kendrick Lamar,https://i.scdn.co/image/ab67616d0000b273d58e537cea05c2156792c53d,
114,"good kid, m.A.A.d city (Deluxe)",Kendrick Lamar,https://i.scdn.co/image/ab67616d0000b273d58e537cea05c2156792c53d,
115,"good kid, m.A.A.d city (Deluxe)",Kendrick Lamar,https://i.scdn.co/image/ab67616d0000b273d58e537cea05c2156792c53d,
116,"good kid, m.A.A.d city (Deluxe)",Kendrick Lamar,https://i.scdn.co/image/ab67616d0000b273d58e537cea05c2156792c53d,
117,"good kid, m.A.A.d city (Deluxe)",Kendrick Lamar,https://i.scdn.co/image/ab67616d0000b273d58e537cea05c2156792c53d,
118,In the Aeroplane Over the Sea,Neutral Milk Hotel,https://i.scdn.co/image/ab67616d0000b273c984eaf4d6a23e0bc64041d6,
119,In the Aeroplane Over the Sea,Neutral Milk Hotel,https://i.scdn.co/image/ab67616d0000b273c984eaf4d6a23e0bc64041d6,
120,In the Aeroplane Over the Sea,Neutral Milk Hotel,https://i.scdn.co/image/ab67616d0000b273c984eaf4d6a23e0bc64041d6,
121,In the Aeroplane Over the Sea,Neutral Milk Hotel,https://i.scdn.co/image/ab67616d0000b273c984eaf4d6a23e0bc64041d6,
122,In the Aeroplane Over the Sea,Neutral Milk Hotel,https://i.scdn.co/image/ab67616d0000b273c984eaf4d6a23e0bc64041d6,
123,In the Aeroplane Over the Sea,Neutral Milk Hotel,https://i.scdn.co/image/ab67616d0000b273c984eaf4d6a23e0bc64041d6,
124,In the Aeroplane Over the Sea,Neutral Milk Hotel,https://i.scdn.co/image/ab67616d0000b273c984eaf4d6a23e0bc64041d6,
125,In the Aeroplane Over the Sea,Neutral Milk Hotel,https://i.scdn.co/image/ab67616d0000b273c984eaf4d6a23e0bc64041d6,
126,In the Aeroplane Over the Sea,Neutral Milk Hotel,https://i.scdn.co/image/ab67616d0000b273c984eaf4d6a23e0bc64041d6,
127,In the Aeroplane Over the Sea,Neutral Milk Hotel,https://i.scdn.co/image/ab67616d0000b273c984eaf4d6a23e0bc64041d6,
128,In the Aeroplane Over the Sea,Neutral Milk Hotel,https://i.scdn.co/image/ab67616d0000b273c984eaf4d6a23e0bc64041d6,
129,Funeral,Arcade Fire,https://i.scdn.co/image/ab67616d0000b273f58dd888dd3de1d9621388cd,
130,Funeral,Arcade Fire,https://i.scdn.co/image/ab67616d0000b273f58dd888dd3de1d9621388cd,
131,Funeral,Arcade Fire,https://i.scdn.co/image/ab67616d0000b273f58dd888dd3de1d9621388cd,
132,Funeral,Arcade Fire,https://i.scdn.co/image/ab67616d0000b273f58dd888dd3de1d9621388cd,
133,Funeral,Arcade Fire,https://i.scdn.co/image/ab67616d0000b273f58dd888dd3de1d9621388cd,
134,Funeral,Arcade Fire,https://i.scdn.co/image/ab67616d0000b273f58dd888dd3de1d9621388cd,
135,Funeral,Arcade Fire,https://i.scdn.co/image/ab67616d0000b273f58dd888dd3de1d9621388cd,
136,Funeral,Arcade Fire,https://i.scdn.co/image/ab67616d0000b273f58dd888dd3de1d9621388cd,
137,Funeral,Arcade Fire,https://i.scdn.co/image/ab67616d0000b273f58dd888dd3de1d9621388cd,
138,Funeral,Arcade Fire,https://i.scdn.co/image/ab67616d0000b273f58dd888dd3de1d9621388cd,
139,The Rise and Fall of Ziggy Stardust and the Spiders from Mars (Remastered Version),David Bowie,https://i.scdn.co/image/ab67616d0000b27363b132d9c237849c4b837df6,
140,The Rise and Fall of Ziggy Stardust and the Spiders from Mars (Remastered Version),David Bowie,https://i.scdn.co/image/ab67616d0000b27363b132d9c237849c4b837df6,
141,The Rise and Fall of Ziggy Stardust and the Spiders from Mars (Remastered Version),David Bowie,https://i.scdn.co/image/ab67616d0000b27363b132d9c237849c4b837df6,
142,The Rise and Fall of Ziggy Stardust and the Spiders from Mars (Remastered Version),David Bowie,https://i.scdn.co/image/ab67616d0000b27363b132d9c237849c4b837df6,
143,The Rise and Fall of Ziggy Stardust and the Spiders from Mars (Remastered Version),David Bowie,https://i.scdn.co/image/ab67616d0000b27363b132d9c237849c4b837df6,
144,The Rise and Fall of Ziggy Stardust and the Spiders from Mars (Remastered Version),David Bowie,https://i.scdn.co/image/ab67616d0000b27363b132d9c237849c4b837df6,
145,The Rise and Fall of Ziggy Stardust and the Spiders from Mars (Remastered Version),David Bowie,https://i.scdn.co/image/ab67616d0000b27363b132d9c237849c4b837df6,
146,The Rise and Fall of Ziggy Stardust and the Spiders from Mars (Remastered Version),David Bowie,https://i.scdn.co/image/ab67616d0000b27363b132d9c237849c4b837df6,
147,The Rise and Fall of Ziggy Stardust and the Spiders from Mars (Remastered Version),David Bowie,https://i.scdn.co/image/ab67616d0000b27363b132d9c237849c4b837df6,
148,The Rise and Fall of Ziggy Stardust and the Spiders from Mars (Remastered Version),David Bowie,https://i.scdn.co/image/ab67616d0000b27363b132d9c237849c4b837df6,
149,The Rise and Fall of Ziggy Stardust and the Spiders from Mars (Remastered Version),David Bowie,https://i.scdn.co/image/ab67616d0000b27363b132d9c237849c4b837df6,
150,Nevermind (Remastered),Nirvana,https://i.scdn.co/image/ab67616d0000b273e175a19e530c898d167d39bf,
151,Nevermind (Remastered),Nirvana,https://i.scdn.co/image/ab67616d0000b273e175a19e530c898d167d39bf,
152,Nevermind (Remastered),Nirvana,https://i.scdn.co/image/ab67616d0000b273e175a19e530c898d167d39bf,
153,Nevermind (Remastered),Nirvana,https://i.scdn.co/image/ab67616d0000b273e175a19e530c898d167d39bf,
154,Nevermind (Remastered),Nirvana,https://i.scdn.co/image/ab67616d0000b273e175a19e530c898d167d39bf,
155,Nevermind (Remastered),Nirvana,https://i.scdn.co/image/ab67616d0000b273e175a19e530c898d167d39bf,
156,Nevermind (Remastered),Nirvana,https://i.scdn.co/image/ab67616d0000b273e175a19e530c898d167d39bf,
157,Nevermind (Remastered),Nirvana,https://i.scdn.co/image/ab67616d0000b273e175a19e530c898d167d39bf,
158,Nevermind (Remastered),Nirvana,https://i.scdn.co/image/ab67616d0000b273e175a19e530c898d167d39bf,
159,Nevermind (Remastered),Nirvana,https://i.scdn.co/image/ab67616d0000b273e175a19e530c898d167d39bf,
160,Nevermind (Remastered),Nirvana,https://i.scdn.co/image/ab67616d0000b273e175a19e530c898d167d39bf,
161,Nevermind (Remastered),Nirvana,https://i.scdn.co/image/ab67616d0000b273e175a19e530c898d167d39bf,
162,Nevermind (Remastered),Nirvana,https://i.scdn.co/image/ab67616d0000b273e175a19e530c898d167d39bf,
163,An Awesome Wave,alt-J,https://i.scdn.co/image/ab67616d0000b273028c3bb4b81ee71dd73d1596,
164,An Awesome Wave,alt-J,https://i.scdn.co/image/ab67616d0000b273028c3bb4b81ee71dd73d1596,
165,An Awesome Wave,alt-J,https://i.scdn.co/image/ab67616d0000b273028c3bb4b81ee71dd73d1596,
166,An Awesome Wave,alt-J,https://i.scdn.co/image/ab67616d0000b273028c3bb4b81ee71dd73d1596,
167,An Awesome Wave,alt-J,https://i.scdn.co/image/ab67616d0000b273028c3bb4b81ee71dd73d1596,
168,An Awesome Wave,alt-J,https://i.scdn.co/image/ab67616d0000b273028c3bb4b81ee71dd73d1596,
169,An Awesome Wave,alt-J,https://i.scdn.co/image/ab67616d0000b273028c3bb4b81ee71dd73d1596,
170,An Awesome Wave,alt-J,https://i.scdn.co/image/ab67616d0000b273028c3bb4b81ee71dd73d1596,
171,An Awesome Wave,alt-J,https://i.scdn.co/image/ab67616d0000b273028c3bb4b81ee71dd73d1596,
172,An Awesome Wave,alt-J,https://i.scdn.co/image/ab67616d0000b273028c3bb4b81ee71dd73d1596,
173,An Awesome Wave,alt-J,https://i.scdn.co/image/ab67616d0000b273028c3bb4b81ee71dd73d1596,
174,An Awesome Wave,alt-J,https://i.scdn.co/image/ab67616d0000b273028c3bb4b81ee71dd73d1596,
175,An Awesome Wave,alt-J,https://i.scdn.co/image/ab67616d0000b273028c3bb4b81ee71dd73d1596,
176,An Awesome Wave,alt-J,https://i.scdn.co/image/ab67616d0000b273028c3bb4b81ee71dd73d1596,
177,channel ORANGE,Frank Ocean,https://i.scdn.co/image/ab67616d0000b2737aede4855f6d0d738012e2e5,
178,channel ORANGE,Frank Ocean,https://i.scdn.co/image/ab67616d0000b2737aede4855f6d0d738012e2e5,
179,channel ORANGE,Frank Ocean,https://i.scdn.co/image/ab67616d0000b2737aede4855f6d0d738012e2e5,
180,channel ORANGE,Frank Ocean,https://i.scdn.co/image/ab67616d0000b2737aede4855f6d0d738012e2e5,
181,channel ORANGE,Frank Ocean,https://i.scdn.co/image/ab67616d0000b2737aede4855f6d0d738012e2e5,
182,channel ORANGE,Frank Ocean,https://i.scdn.co/image/ab67616d0000b2737aede4855f6d0d738012e2e5,
183,channel ORANGE,Frank Ocean,https://i.scdn.co/image/ab67616d0000b2737aede4855f6d0d738012e2e5,
184,channel ORANGE,Frank Ocean,https://i.scdn.co/image/ab67616d0000b2737aede4855f6d0d738012e2e5,
185,channel ORANGE,Frank Ocean,https://i.scdn.co/image/ab67616d0000b2737aede4855f6d0d738012e2e5,
186,channel ORANGE,Frank Ocean,https://i.scdn.co/image/ab67616d0000b2737aede4855f6d0d738012e2e5,
187,channel ORANGE,Frank Ocean,https://i.scdn.co/image/ab67616d0000b2737aede4855f6d0d738012e2e5,
188,channel ORANGE,Frank Ocean,https://i.scdn.co/image/ab67616d0000b2737aede4855f6d0d738012e2e5,
189,channel ORANGE,Frank Ocean,https://i.scdn.co/image/ab67616d0000b2737aede4855f6d0d738012e2e5,
190,channel ORANGE,Frank Ocean,https://i.scdn.co/image/ab67616d0000b2737aede4855f6d0d738012e2e5,
191,channel ORANGE,Frank Ocean,https://i.scdn.co/image/ab67616d0000b2737aede4855f6d0d738012e2e5,
192,channel ORANGE,Frank Ocean,https://i.scdn.co/image/ab67616d0000b2737aede4855f6d0d738012e2e5,
193,channel ORANGE,Frank Ocean,https://i.scdn.co/image/ab67616d0000b2737aede4855f6d0d738012e2e5,
194,Enter The Wu-Tang (36 Chambers) [Expanded Edition],Wu-Tang Clan,https://i.scdn.co/image/ab67616d0000b2735901aaa980d3e714bf01171c,
195,Enter The Wu-Tang (36 Chambers) [Expanded Edition],Wu-Tang Clan,https://i.scdn.co/image/ab67616d0000b2735901aaa980d3e714bf01171c,
196,Enter The Wu-Tang (36 Chambers) [Expanded Edition],Wu-Tang Clan,https://i.scdn.co/image/ab67616d0000b2735901aaa980d3e714bf01171c,
197,Enter The Wu-Tang (36 Chambers) [Expanded Edition],Wu-Tang Clan,https://i.scdn.co/image/ab67616d0000b2735901aaa980d3e714bf01171c,
198,Enter The Wu-Tang (36 Chambers) [Expanded Edition],Wu-Tang Clan,https://i.scdn.co/image/ab67616d0000b2735901aaa980d3e714bf01171c,
199,Enter The Wu-Tang (36 Chambers) [Expanded Edition],Wu-Tang Clan,https://i.scdn.co/image/ab67616d0000b2735901aaa980d3e714bf01171c,
